{"cameraMode":{"drawMode":0,"name":"Shaded","section":"Shading Mode"},"sceneLighting":true,"audioPlay":false,"sceneViewState":{"showFog":true,"showMaterialUpdate":true,"showSkybox":true,"showFlares":true,"showImageEffects":true,"showParticleSystems":true},"in2DMode":false,"pivot":{"x":72.5687484741211,"y":34.6336784362793,"z":13.391252517700196},"rotation":{"x":0.40677961707115176,"y":-0.01229033898562193,"z":-0.0003801588900387287,"w":0.9144030809402466},"size":130.3856658935547,"orthographic":false}