{"cameraMode":{"drawMode":0,"name":"Shaded","section":"Shading Mode"},"sceneLighting":true,"audioPlay":false,"sceneViewState":{"showFog":true,"showMaterialUpdate":true,"showSkybox":true,"showFlares":true,"showImageEffects":true,"showParticleSystems":true},"in2DMode":false,"pivot":{"x":-125.76466369628906,"y":103.0633773803711,"z":-23.705202102661134},"rotation":{"x":-0.137870192527771,"y":-0.6566467881202698,"z":0.12372457981109619,"w":-0.7311748266220093},"size":20.946346282958986,"orthographic":false}