{"cameraMode":{"drawMode":0,"name":"Shaded","section":"Shading Mode"},"sceneLighting":true,"audioPlay":false,"sceneViewState":{"showFog":true,"showMaterialUpdate":true,"showSkybox":true,"showFlares":true,"showImageEffects":true,"showParticleSystems":true},"in2DMode":false,"pivot":{"x":131.50839233398438,"y":146.46356201171876,"z":81.17645263671875},"rotation":{"x":-0.24788400530815125,"y":-0.3565833866596222,"z":0.10683472454547882,"w":-0.8953227996826172},"size":487.67205810546877,"orthographic":true}