{"cameraMode":{"drawMode":0,"name":"Shaded","section":"Shading Mode"},"sceneLighting":true,"audioPlay":false,"sceneViewState":{"showFog":true,"showMaterialUpdate":true,"showSkybox":true,"showFlares":true,"showImageEffects":true,"showParticleSystems":true},"in2DMode":false,"pivot":{"x":42.338287353515628,"y":23.684574127197267,"z":50.83924102783203},"rotation":{"x":-0.15819956362247468,"y":-0.4074675142765045,"z":0.09923660755157471,"w":-0.8955604434013367},"size":97.38502502441406,"orthographic":true}