{"cameraMode":{"drawMode":0,"name":"Shaded","section":"Shading Mode"},"sceneLighting":true,"audioPlay":false,"sceneViewState":{"showFog":true,"showMaterialUpdate":true,"showSkybox":true,"showFlares":true,"showImageEffects":true,"showParticleSystems":true},"in2DMode":false,"pivot":{"x":-0.6657646298408508,"y":-10.82348346710205,"z":0.15653441846370698},"rotation":{"x":-0.18540659546852113,"y":0.59755539894104,"z":-0.14455091953277589,"w":-0.7666287422180176},"size":5.074369430541992,"orthographic":false}