{"cameraMode":{"drawMode":0,"name":"Shaded","section":"Shading Mode"},"sceneLighting":true,"audioPlay":false,"sceneViewState":{"showFog":true,"showMaterialUpdate":true,"showSkybox":true,"showFlares":true,"showImageEffects":true,"showParticleSystems":true},"in2DMode":false,"pivot":{"x":186.22535705566407,"y":47.11394500732422,"z":82.51512145996094},"rotation":{"x":-0.011538594029843808,"y":0.9370006322860718,"z":-0.03124546818435192,"w":-0.34793129563331606},"size":22.90089988708496,"orthographic":false}