{"cameraMode":{"drawMode":0,"name":"Shaded","section":"Shading Mode"},"sceneLighting":true,"audioPlay":false,"sceneViewState":{"showFog":true,"showMaterialUpdate":true,"showSkybox":true,"showFlares":true,"showImageEffects":true,"showParticleSystems":true},"in2DMode":false,"pivot":{"x":505.35009765625,"y":-770.9248657226563,"z":-600.10400390625},"rotation":{"x":0.032450512051582339,"y":0.9315322041511536,"z":-0.3538013696670532,"w":0.08479168266057968},"size":1338.7098388671875,"orthographic":false}