{"cameraMode":{"drawMode":0,"name":"Shaded","section":"Shading Mode"},"sceneLighting":true,"audioPlay":false,"sceneViewState":{"showFog":true,"showMaterialUpdate":true,"showSkybox":true,"showFlares":true,"showImageEffects":true,"showParticleSystems":true},"in2DMode":false,"pivot":{"x":125.53240203857422,"y":-201.74447631835938,"z":142.72409057617188},"rotation":{"x":-0.5208300352096558,"y":-0.007481907028704882,"z":0.004507141653448343,"w":-0.853683590888977},"size":417.98388671875,"orthographic":false}