{"cameraMode":{"drawMode":0,"name":"Shaded","section":"Shading Mode"},"sceneLighting":true,"audioPlay":false,"sceneViewState":{"showFog":true,"showMaterialUpdate":true,"showSkybox":true,"showFlares":true,"showImageEffects":true,"showParticleSystems":true},"in2DMode":false,"pivot":{"x":141.65582275390626,"y":-17.519638061523439,"z":145.9599609375},"rotation":{"x":0.3510662913322449,"y":0.43118733167648318,"z":-0.1879628598690033,"w":0.8098349571228027},"size":208.31619262695313,"orthographic":true}