{"cameraMode":{"drawMode":0,"name":"Shaded","section":"Shading Mode"},"sceneLighting":true,"audioPlay":false,"sceneViewState":{"showFog":true,"showMaterialUpdate":true,"showSkybox":true,"showFlares":true,"showImageEffects":true,"showParticleSystems":true},"in2DMode":false,"pivot":{"x":23.591371536254884,"y":88.22537994384766,"z":72.09600830078125},"rotation":{"x":0.009962932206690312,"y":0.7217569351196289,"z":-0.6930734515190125,"w":0.018804913386702539},"size":39.387840270996097,"orthographic":false}