{"cameraMode":{"drawMode":0,"name":"Shaded","section":"Shading Mode"},"sceneLighting":true,"audioPlay":false,"sceneViewState":{"showFog":true,"showMaterialUpdate":true,"showSkybox":true,"showFlares":true,"showImageEffects":true,"showParticleSystems":true},"in2DMode":false,"pivot":{"x":7.823422908782959,"y":-1.177626609802246,"z":8.344476699829102},"rotation":{"x":-0.19391413033008576,"y":0.040302008390426639,"z":-0.00798516534268856,"w":-0.9801956415176392},"size":18.74039649963379,"orthographic":false}