{"cameraMode":{"drawMode":0,"name":"Shaded","section":"Shading Mode"},"sceneLighting":true,"audioPlay":false,"sceneViewState":{"showFog":true,"showMaterialUpdate":true,"showSkybox":true,"showFlares":true,"showImageEffects":true,"showParticleSystems":true},"in2DMode":false,"pivot":{"x":-126.06819152832031,"y":127.14395904541016,"z":-15.49046516418457},"rotation":{"x":0.12409373372793198,"y":0.5765405297279358,"z":-0.08901780098676682,"w":0.8027435541152954},"size":20.946346282958986,"orthographic":false}