{"cameraMode":{"drawMode":0,"name":"Shaded","section":"Shading Mode"},"sceneLighting":false,"audioPlay":false,"sceneViewState":{"showFog":true,"showMaterialUpdate":true,"showSkybox":false,"showFlares":true,"showImageEffects":true,"showParticleSystems":true},"in2DMode":false,"pivot":{"x":-69.58602905273438,"y":62.877899169921878,"z":138.23934936523438},"rotation":{"x":-0.27154311537742617,"y":0.672734797000885,"z":-0.29346778988838198,"w":-0.6226009130477905},"size":983.4444580078125,"orthographic":false}