{"cameraMode":{"drawMode":0,"name":"Shaded","section":"Shading Mode"},"sceneLighting":true,"audioPlay":false,"sceneViewState":{"showFog":true,"showMaterialUpdate":true,"showSkybox":true,"showFlares":true,"showImageEffects":true,"showParticleSystems":true},"in2DMode":false,"pivot":{"x":174.50172424316407,"y":-2.9971394538879396,"z":140.2628173828125},"rotation":{"x":0.31550630927085879,"y":0.4449250102043152,"z":-0.17200885713100434,"w":0.8205280303955078},"size":182.0018310546875,"orthographic":true}