{"cameraMode":{"drawMode":0,"name":"Shaded","section":"Shading Mode"},"sceneLighting":true,"audioPlay":false,"sceneViewState":{"showFog":true,"showMaterialUpdate":true,"showSkybox":true,"showFlares":true,"showImageEffects":true,"showParticleSystems":true},"in2DMode":false,"pivot":{"x":9.081436157226563,"y":67.4699935913086,"z":-23.089508056640626},"rotation":{"x":0.3476687967777252,"y":0.210133358836174,"z":-0.08018682152032852,"w":0.910311758518219},"size":22.90089988708496,"orthographic":false}